{"cameraMode":{"drawMode":0,"name":"Shaded","section":"Shading Mode"},"sceneLighting":true,"audioPlay":false,"sceneViewState":{"showFog":true,"showMaterialUpdate":false,"showSkybox":true,"showFlares":true,"showImageEffects":true,"showParticleSystems":true},"in2DMode":false,"pivot":{"x":0.5977463126182556,"y":8.289164543151856,"z":-4.372949600219727},"rotation":{"x":-0.19847455620765687,"y":-0.00970606692135334,"z":0.001965330448001623,"w":-0.9800560474395752},"size":24.138137817382814,"orthographic":false}